id,produtor_id,subconta_id,valor,data,documento_url,created_at,empreendimento_id,origem,consorcio_lancamento_id,safra_id,propriedade_id
82f018c7-7ebe-42ac-94eb-8c68ef0de0a6,1,1d80b3d1-0c52-4fc7-a184-f17e7ba21475,3272.69,2026-11-08,,2026-06-25 22:34:38.948594,1,manual,,,
ea656a2d-bbe2-4dfc-8b05-8be11d6be0de,1,ef45a7b5-89d1-419d-afe8-30814b4c7520,75000.00,2026-01-20,,2026-06-25 22:50:12.657070,1,manual,,,
a8f4ca75-69ea-4992-9bfb-1798abd0801b,6,eddc7ef5-bc9b-4a87-ad36-d2c3d0b21eb8,4615.50,2026-05-27,,2026-05-27 01:13:16.900900,,consorcio,,,
2b745b39-e73c-40db-8a39-e77e1456ec03,6,,-1500.00,2026-03-08,,2026-06-08 21:35:28.009269,,agricultura,,1,
714ca4a1-7f08-46b5-8d56-8390a03a6fcf,6,,-1500.00,2026-03-08,,2026-06-08 20:54:33.123302,,agricultura,,1,
48bec1ac-0364-46e3-a15f-0fa8fbe4d93b,6,f490e1ef-184e-4a80-8762-85ee75402535,7000.00,2026-06-09,,2026-06-10 00:34:50.179778,,manual,,,
3c9d42ed-13dd-4b84-9549-636ecfaae1da,6,4b55379c-f7f4-4f69-b802-e367457a23c9,1800.00,2026-06-10,,2026-06-10 00:37:45.144012,,manual,,,
ca1f1cd3-44a3-43ff-affb-4b7f41e3b1a8,6,4b55379c-f7f4-4f69-b802-e367457a23c9,950.00,2026-06-10,,2026-06-10 01:26:45.704266,,manual,,,
5038d4e4-e00b-426a-8cc9-52039f8778e5,6,02f4474c-b300-45ae-b30f-956115821b3d,15000.00,2026-06-20,,2026-06-20 18:43:43.626672,,manual,,,
1a630bb7-550e-40f7-955d-d1deaf263d78,6,5b0905f0-3f6a-4bd3-a4c7-89f8b7c39902,3500.00,2026-06-24,,2026-06-24 15:33:46.012663,,manual,,,
ef827d7c-ca09-43f8-9acf-38f0d86acd36,6,0807a0ed-d899-4a06-bd21-315e2b53a498,0.00,,,2026-06-25 23:11:18.429250,,manual,,,
d4f8c4fa-1fee-42f6-96a7-22e0ab549560,1,5509c3c8-4621-43cc-8eec-7effed8903f5,3015.26,2026-06-12,,2026-06-16 14:29:21.537078,1,manual,,,
120f32d9-aefe-4924-861a-e92cfb0bccd2,6,afa7fe96-e219-410f-afde-14f96892ea73,1300.00,2026-06-27,,2026-06-27 18:05:22.563067,,manual,,,
172c2f3d-ba12-4b09-8632-08359bd9caf6,6,5b0905f0-3f6a-4bd3-a4c7-89f8b7c39902,1240.00,2026-06-27,,2026-06-27 18:05:47.306417,,manual,,,
026373a5-7e72-43e2-8904-5093313ded6c,6,5b0905f0-3f6a-4bd3-a4c7-89f8b7c39902,1200.00,2026-06-28,,2026-06-28 14:30:16.595330,,manual,,,
d310e57c-a34d-41dc-8e8d-501407a0f809,6,5b0905f0-3f6a-4bd3-a4c7-89f8b7c39902,1000.00,2026-06-28,,2026-06-28 14:35:25.221099,,manual,,,
82827f2f-4274-4c8c-82a0-6d3872863c0c,1,02f4474c-b300-45ae-b30f-956115821b3d,1.00,2026-06-29,,2026-06-29 18:33:07.990276,,manual,,,
0e70f248-22e2-4de6-90ac-c394c6927232,1,6182b4fa-f311-45be-84c8-8811295664d0,1125.00,2026-06-29,,2026-06-29 17:50:01.960189,,manual,,,
4572c3c0-41f1-4a16-88d6-2e52b9be81a1,6,e4628672-11bf-44ab-8f6f-9930a9be421b,100.00,2025-06-30,,2026-07-01 09:12:07.264084,,manual,,,
f32481e9-b350-4311-84ee-e7fdd68ee693,1,3dbaf15f-3983-4e05-8d83-241d5288bc2a,800.00,2026-07-02,,2026-07-02 01:18:47.336299,,manual,,,
fc5b5052-b20b-4efb-80ff-12053f46c082,1,230f6019-fd8c-4744-8829-8ca4d96fc881,250.00,2026-01-02,,2026-07-02 02:00:25.617078,,manual,,,
3c67985e-c821-4dc4-a11c-79feb569ddcf,1,230f6019-fd8c-4744-8829-8ca4d96fc881,35.67,2026-01-02,,2026-07-02 02:00:25.662075,,manual,,,
b81b9ed1-c908-4194-97d1-93ae425b96b0,1,930231ca-5dbd-47d2-8f25-7a98c627243a,172.50,2026-01-02,,2026-07-02 02:00:25.703230,,manual,,,
d8d0f245-03d6-4edb-bbb0-f52e18df0bc3,1,efd00938-cb61-45e4-bd85-1f36fa401107,18.23,2026-01-02,,2026-07-02 02:00:25.746938,,manual,,,
cc5189a2-7fd1-4c5b-85ba-30371d317e7f,1,92e86485-f2de-4f50-8016-505f647d69ec,149.90,2026-01-02,,2026-07-02 02:00:25.793288,,manual,,,
1109cc5e-b0b8-4d0e-947f-d70c71d1ec42,1,08644ea1-9ffd-42d9-a4d8-95ce615dbbce,15.73,2026-01-02,,2026-07-02 02:00:25.838521,,manual,,,
42be5439-0385-4b8f-938c-0d202e096ec2,1,08644ea1-9ffd-42d9-a4d8-95ce615dbbce,15.73,2026-01-02,,2026-07-02 02:00:25.883708,,manual,,,
70d00ba7-b1b0-4d66-bcb9-8066f07567d1,1,92e86485-f2de-4f50-8016-505f647d69ec,149.90,2026-01-06,,2026-07-02 02:00:25.926242,,manual,,,
dc4d844f-0630-4fac-bc0a-b34e723db9a3,1,d446c10e-3c20-4752-a5c6-cc4b1d194707,650.00,2026-01-10,,2026-07-02 02:00:25.965769,,manual,,,
de540ea2-7ec7-4998-aea8-077a7dc51491,1,98ce2690-c106-4029-8281-74d1d341dc30,15200.00,2026-01-15,,2026-07-02 02:00:26.012870,,manual,,,
5f894b15-20cd-48a5-a105-fc3fdfbdba46,1,efa2205d-b269-4d54-95a9-631f60358bab,1600.00,2026-01-19,,2026-07-02 02:00:26.063675,,manual,,,
bf0eed65-633f-495c-816a-a7df85eee7c5,1,92519c80-e311-4215-9684-15268c1fcf93,16486.65,2026-01-19,,2026-07-02 02:00:26.114144,,manual,,,
1c599723-b828-4568-b359-6208cc1d6005,1,c3f595ba-c729-4e78-b396-25fe570323a7,1578.00,2026-01-24,,2026-07-02 02:00:26.166673,,manual,,,
192c615d-9d91-451f-aa2c-c09f1c1ed2e4,1,adf548e1-df96-4804-96e6-c19fc116805f,11493.73,2026-01-28,,2026-07-02 02:00:26.219888,,manual,,,
b230746e-1930-41f1-aebc-c7d3c86dc78b,1,e07b6e0b-52b2-4eac-8de3-3c54dfc8f561,2250.00,2026-01-30,,2026-07-02 02:00:26.263838,,manual,,,
f30c86ac-b81d-4a2c-83da-e37a630aa1ba,1,adf548e1-df96-4804-96e6-c19fc116805f,11200.00,2026-01-30,,2026-07-02 02:00:26.310400,,manual,,,
e652e2aa-29e8-4973-86cc-3d2144068696,1,15e0e502-b18c-4d47-b5b2-ab2d16865f71,2250.00,2026-01-31,,2026-07-02 02:00:26.350217,,manual,,,
25ddd4bb-9e07-4059-812a-94b04b0d807b,1,22cebc7e-c193-4942-9004-abd49d0606e9,236.00,2026-02-01,,2026-07-02 02:00:26.397899,,manual,,,
814226e3-dd50-4550-8c22-134d5f8295e3,1,2e844c3a-4cd5-435b-9588-c8afa9a47288,675.00,2026-02-02,,2026-07-02 02:00:26.448580,,manual,,,
915d9abc-753f-45b7-89d0-7688703d1dbc,1,7b8051f9-63b2-4f9d-92ab-c42db66993d5,11100.00,2026-02-05,,2026-07-02 02:00:26.498425,,manual,,,
89ac5caf-6f2f-49c3-b137-96940471566c,1,7fba3b74-5443-4168-a847-7bdc804cab7f,65.90,2026-02-07,,2026-07-02 02:00:26.540863,,manual,,,
cd18b722-46f6-4edd-bf3f-1cac06530193,1,b52054ad-9678-4365-84d3-cf176e53725c,64.85,2026-02-07,,2026-07-02 02:00:26.592700,,manual,,,
23cd9a8e-e7ca-49bc-8655-ee9d47263ee8,1,889964e3-c71c-4106-bd09-143833e18278,389.70,2026-02-07,,2026-07-02 02:00:26.635914,,manual,,,
0093a97c-3a93-4290-bc70-26bcdef46105,1,b135a274-2796-4bf7-8807-e49840df7a50,86.00,2026-02-07,,2026-07-02 02:00:26.678827,,manual,,,
df282a61-2b90-486d-8bb4-911501f94f2c,1,e0649279-290d-4266-aa11-c8963ca8e4b4,512.00,2026-02-08,,2026-07-02 02:00:26.723146,,manual,,,
e6684108-85b6-4d38-9f74-8ee39f53bee6,1,bfc73863-710c-46e1-a0be-eb3a0dff4d74,1300.00,2026-02-09,,2026-07-02 02:00:26.765453,,manual,,,
7607ed17-65df-46a3-a714-c5166c30f8a5,1,d446c10e-3c20-4752-a5c6-cc4b1d194707,650.00,2026-02-10,,2026-07-02 02:00:26.811868,,manual,,,
cb3f9df6-2332-4435-8a55-d775e902092a,1,e0649279-290d-4266-aa11-c8963ca8e4b4,816.13,2026-02-12,,2026-07-02 02:00:26.852043,,manual,,,
ff3abbdb-9879-4f17-8f3e-ff0d8260e657,1,3088c93a-90a2-4495-9301-482428f205d0,2050.00,2026-02-14,,2026-07-02 02:00:26.892394,,manual,,,
d52ae7cb-b3bb-4957-bb03-75b38f8c01ea,1,30bd7942-7950-433a-aa96-be4f7259821a,129.00,2026-02-14,,2026-07-02 02:00:26.940379,,manual,,,
e2f1cfcf-95ef-4a1e-bf90-7547e2cb2b9e,1,d3ed7d3f-2161-4472-b6c6-71499a02a3da,72.72,2026-02-14,,2026-07-02 02:00:26.983795,,manual,,,
1c28242a-9296-4a54-9395-d14c871dbe8a,1,e5548f59-c9b4-47f8-86f9-6f9f83e033d7,112.00,2026-02-14,,2026-07-02 02:00:27.032637,,manual,,,
6bd7efcc-f4ce-45a4-99c3-f10e9b78f07e,1,1863b00f-009d-4dd4-a514-85f4fa86b3f1,189.00,2026-02-14,,2026-07-02 02:00:27.083402,,manual,,,
11134ce0-dda3-468d-b899-ce6300b2fc2a,1,d6cbef0c-e720-4901-9156-42fe709bb430,115.00,2026-02-16,,2026-07-02 02:00:27.132457,,manual,,,
0557da20-1420-4262-9a24-c7586ab51d0a,1,17cf099f-33fe-45ad-b501-be3c05f15fda,32.00,2026-02-16,,2026-07-02 02:00:27.182697,,manual,,,
424cc457-808a-40fc-b8b8-992cb38873a8,1,c1283fb6-0e2b-4698-92f6-e8a37358abe5,5600.00,2026-02-18,,2026-07-02 02:00:27.232773,,manual,,,
53383328-ac3c-4789-af9a-f5e92e815c87,1,69921897-0623-4857-9738-a09306d27076,1440.00,2026-02-18,,2026-07-02 02:00:27.279845,,manual,,,
104696a5-c525-45b3-ac85-d2476da211d9,1,66e4a5de-3025-4637-9be4-c1d0eacb2d73,2250.00,2026-02-27,,2026-07-02 02:00:27.324396,,manual,,,
7587e027-a834-497a-a2e8-d427121adcf3,1,230f6019-fd8c-4744-8829-8ca4d96fc881,105.00,2026-02-27,,2026-07-02 02:00:27.373514,,manual,,,
a1c4d200-63bf-495e-882d-7e093091d1dc,1,230f6019-fd8c-4744-8829-8ca4d96fc881,72.05,2026-02-27,,2026-07-02 02:00:27.414360,,manual,,,
921e474d-7052-44f4-940b-4922462a7f97,1,0fd609f9-b39c-4fba-a37d-c9015f362844,173.95,2026-02-27,,2026-07-02 02:00:27.480389,,manual,,,
b823aa4d-a13b-4f29-976e-3235261ea75c,1,af6c304b-ef76-4fa4-87f1-b2b5c03f0e65,99.00,2026-02-27,,2026-07-02 02:00:27.528781,,manual,,,
07bbc9be-69d4-4733-874f-5711e6e4dad3,1,404c4ae4-9eb1-40c6-83e2-9d0b919bfd01,159.00,2026-02-28,,2026-07-02 02:00:27.571416,,manual,,,
6b9462a1-83c6-489a-bd24-5a2c63d1ca45,1,adf548e1-df96-4804-96e6-c19fc116805f,11200.00,2026-02-28,,2026-07-02 02:00:27.615387,,manual,,,
c6262c12-a174-4b40-ae78-479190d48a81,1,2e844c3a-4cd5-435b-9588-c8afa9a47288,675.00,2026-03-02,,2026-07-02 02:00:27.664119,,manual,,,
e9f01364-eaef-45e0-8d69-35a124b1af57,1,9db7047d-1cfe-4e3a-b104-36369d660bb6,1200.00,2026-03-02,,2026-07-02 02:00:27.702817,,manual,,,
d99bf694-d65e-47d6-8fa3-973a72ea243a,1,adf548e1-df96-4804-96e6-c19fc116805f,10811.32,2026-03-02,,2026-07-02 02:00:27.761295,,manual,,,
adf65c6c-ab06-4567-8c01-75114607d333,1,351b2a12-99b3-40ae-9f2c-00abaae62afd,1000.35,2026-03-04,,2026-07-02 02:00:27.801171,,manual,,,
6cc857e4-d195-4d03-93c6-33d7e5abaf9b,1,2a829341-e86d-47b4-b5cf-a60d997d28ed,417.50,2026-03-10,,2026-07-02 02:00:27.845413,,manual,,,
1c949035-cdf3-4a13-b81d-19394aa21651,1,0485208a-8f1c-4d0b-9559-16a3e1c31db9,57.52,2026-03-10,,2026-07-02 02:00:27.892409,,manual,,,
00591ca4-ef02-46cc-aa20-2e86c2cc7fb4,1,4b3057b7-b93a-4c16-977d-05ce3342c80f,169.16,2026-03-10,,2026-07-02 02:00:27.943420,,manual,,,
ea371015-49f0-4690-b0b3-ffd93db06e52,1,eb941692-4a96-427f-bc82-fabc76916945,62.75,2026-03-10,,2026-07-02 02:00:27.990358,,manual,,,
f2a68b92-443c-4cd3-93a5-e3cde95fe94f,1,4e2b6686-6c41-411b-a7da-5f6ce0622bf7,97.75,2026-03-10,,2026-07-02 02:00:28.034592,,manual,,,
c6bfcc8a-1cac-4bea-993d-52b97adada8d,1,d446c10e-3c20-4752-a5c6-cc4b1d194707,650.00,2026-03-10,,2026-07-02 02:00:28.088738,,manual,,,
1d3b8fe6-4b02-4899-b44b-3456f805a41d,1,fc881d7c-c925-4c1b-b2e9-ff548de0a24c,660.00,2026-03-10,,2026-07-02 02:00:28.131695,,manual,,,
121dabae-693f-4d9f-8346-c7f38441f83d,1,8972a44c-d246-43b7-a344-09f5f511d198,1320.00,2026-03-10,,2026-07-02 02:00:28.180613,,manual,,,
5a106627-32ee-4013-bcb7-9d2bcea6c8bc,1,e7cb9e36-2412-4c6a-bd7d-dd2f1db49ca9,455.80,2026-03-10,,2026-07-02 02:00:28.224061,,manual,,,
0f714cd0-ecf3-4473-8a0d-719e56822661,1,2f463a02-3d8a-4580-9300-b90f86c4a07a,67.14,2026-03-14,,2026-07-02 02:00:28.275742,,manual,,,
89d4506d-a258-4a61-a12b-d1bb802e3d1a,1,3b1308d9-5a48-42c3-886a-513beb08e1e2,93.52,2026-03-27,,2026-07-02 02:00:28.318043,,manual,,,
92a0b8ed-01f3-4c21-844d-9112de97c47d,1,0b4f1ed3-c0f7-45a1-8a6e-23980410fcee,250.68,2026-03-27,,2026-07-02 02:00:28.369288,,manual,,,
668f8ab7-a890-40f3-b180-37491c58ffd1,1,5ed3ffd7-0864-496f-a449-1ee67d937135,233.18,2026-03-27,,2026-07-02 02:00:28.411553,,manual,,,
8ceee89d-4f90-4040-996c-b4de5486c1f8,1,df5b474a-e526-402e-b59d-a09bc970f622,72.05,2026-03-27,,2026-07-02 02:00:28.460057,,manual,,,
5d273b64-726d-470d-97b2-c81469b27e55,1,0485208a-8f1c-4d0b-9559-16a3e1c31db9,14.38,2026-03-27,,2026-07-02 02:00:28.508304,,manual,,,
96dc1421-2144-4c14-86f1-8a8155e36ba2,1,ae59312c-36ea-4aee-9f29-dc3b89c38e08,8600.00,2026-03-28,,2026-07-02 02:00:28.548517,,manual,,,
6bee6848-ab20-4eae-852f-d868d85c2491,1,171d269d-fcee-4f91-b1c4-32f1ed2d54ed,139.15,2026-03-29,,2026-07-02 02:00:28.594673,,manual,,,
7d0ef5b6-c044-428d-a2f2-8e971bee5e5c,1,f087372b-770f-4436-a0fa-f1de6d0895ac,323.50,2026-03-29,,2026-07-02 02:00:28.643310,,manual,,,
bdc5e197-133e-4545-936e-5deaef0500ca,1,41ab0cc9-4c79-41c7-9bc9-1ba4ac284049,74.50,2026-03-29,,2026-07-02 02:00:28.685084,,manual,,,
9009dc5d-c0ab-4f36-a653-9c71327ec623,1,d1cf236e-b0bd-4ef2-b967-8498302545c2,2.10,2026-03-29,,2026-07-02 02:00:28.732253,,manual,,,
2a4490a5-1a2d-4801-a16c-204e57570849,1,e07b6e0b-52b2-4eac-8de3-3c54dfc8f561,2250.00,2026-03-30,,2026-07-02 02:00:28.775717,,manual,,,
9021314e-54dc-473d-ab12-45e95fe44f20,1,adf548e1-df96-4804-96e6-c19fc116805f,8609.51,2026-03-30,,2026-07-02 02:00:28.815391,,manual,,,
08ed6caa-189b-4bf2-9be6-9756241b47da,1,adf548e1-df96-4804-96e6-c19fc116805f,11200.00,2026-03-30,,2026-07-02 02:00:28.864704,,manual,,,
caf4498b-1161-445e-8dbc-4b3b53a17faf,1,e07b6e0b-52b2-4eac-8de3-3c54dfc8f561,2250.00,2026-03-31,,2026-07-02 02:00:28.905695,,manual,,,
e5903ae8-9d09-48b2-9dda-dbfcecb486d8,1,f9ec56cc-c9ee-449f-b3e9-685a75fbc79c,239.73,2026-04-01,,2026-07-02 02:00:28.952478,,manual,,,
a4722217-0712-4bcf-ba32-81eeee62124c,1,d237aa86-910e-414d-8f29-dca43dc94bd7,1230.00,2026-04-02,,2026-07-02 02:00:28.996276,,manual,,,
df8ed5d4-9cde-4156-bf53-256258493976,1,e88d321e-4404-43fc-99eb-be15dcc7c962,1245.00,2026-04-02,,2026-07-02 02:00:29.043848,,manual,,,
380d2115-e907-4ad1-a6cc-dae2aac3fec3,1,57ac3f60-a0e0-44c9-b6a0-d9fe0eac246a,180.00,2026-04-02,,2026-07-02 02:00:29.090993,,manual,,,
8ca69864-68cb-406a-a261-c69198177980,1,cd5861c8-fdfb-4078-89e7-181c16a7e1e4,620.00,2026-04-04,,2026-07-02 02:00:29.138776,,manual,,,
7f2f2f15-ad34-4586-b250-31a02168fafb,1,eea7f46e-356f-4dce-8e8c-16e97b1b4adc,22.00,2026-04-04,,2026-07-02 02:00:29.189693,,manual,,,
bd5c6745-ea02-4f1c-aaaa-c8bd49cb23b2,1,093d8b5f-643b-4640-83ed-b7fc1e53453a,59.00,2026-04-04,,2026-07-02 02:00:29.235936,,manual,,,
0cbf22c6-d47f-477b-88cf-aeaf2381caaf,1,d446c10e-3c20-4752-a5c6-cc4b1d194707,650.00,2026-04-10,,2026-07-02 02:00:29.283370,,manual,,,
c915c818-a3e3-490a-a156-ef278248e29f,1,fdfbb16b-f4b8-4c2a-84c4-84aeb059b12d,62.95,2026-04-10,,2026-07-02 02:00:29.326121,,manual,,,
d5d390ec-2724-4d6e-a05d-91b7d1682035,1,d9668cf7-d3a1-4246-8bd0-ada1a0fd9322,58.00,2026-04-11,,2026-07-02 02:00:29.371633,,manual,,,
62525d4b-43da-4b56-b711-748b6bbe5941,1,f4736ae8-fc00-4455-8dc2-29db8a4ed0e0,1200.00,2026-04-18,,2026-07-02 02:00:29.414673,,manual,,,
75e0ff64-63e4-41ed-a5a2-4f42663f3779,1,a5c3bc80-8054-4931-b570-fc6736ec5dac,1848.00,2026-04-20,,2026-07-02 02:00:29.464461,,manual,,,
080f0220-4cd5-4fc4-a41c-79635c55ee00,1,b88ffe3b-182d-4517-97e6-e69e8a633761,388.97,2026-04-20,,2026-07-02 02:00:29.535024,,manual,,,
891370af-a521-42a8-9460-093ee9566e5d,1,e88d321e-4404-43fc-99eb-be15dcc7c962,1200.00,2026-04-21,,2026-07-02 02:00:29.578714,,manual,,,
2a952f55-d4bb-4a1f-a040-65e89df19f0f,1,e598c4aa-8e60-4d13-bb80-29bf680e4be8,151.06,2026-04-22,,2026-07-02 02:00:29.633269,,manual,,,
295e4090-934a-4030-8268-1f7c114460c1,1,6923143d-0a4b-4abf-9598-6d9636f9ef13,2250.00,2026-04-23,,2026-07-02 02:00:29.681313,,manual,,,
dc6f8a3e-b273-4d90-bd07-412a925cdc74,1,adf548e1-df96-4804-96e6-c19fc116805f,16288.84,2026-04-29,,2026-07-02 02:00:29.791370,,manual,,,
ca33fa3e-9576-4747-bca4-f3b94770265b,1,e07b6e0b-52b2-4eac-8de3-3c54dfc8f561,2250.00,2026-04-30,,2026-07-02 02:00:29.837256,,manual,,,
8317841e-80d3-4ab3-8bbc-fb58c6dfa59a,1,04fa3f84-8131-4b18-be00-c5e613d4792f,1107.32,2026-04-30,,2026-07-02 02:00:29.884698,,manual,,,
6455ff7f-2690-4328-922f-23eeebddaa63,1,dfef1865-eea0-4e2a-9585-f8ad7109a4e6,1378.98,2026-04-30,,2026-07-02 02:00:29.926977,,manual,,,
5b3f2bac-7250-453c-9cd7-4b1222a29a90,1,3bf664e8-032d-4e91-bbf6-c63bbc97854b,253.74,2026-04-30,,2026-07-02 02:00:29.974588,,manual,,,
1e5025fa-9574-4b87-b5a5-1b83c01aa5a3,1,6f674e22-9845-4901-b287-000081c671c2,86.63,2026-04-30,,2026-07-02 02:00:30.018216,,manual,,,
0cf97fec-e938-4d75-a3d5-f57437459a6c,1,ed022019-321a-4d28-8cdc-0a5ebcab9b1a,164.15,2026-04-30,,2026-07-02 02:00:30.069522,,manual,,,
fdd81d94-6160-4c02-8d9b-234a6aa5aaae,1,746d3129-309d-4dc2-a91d-697d0ec1f572,821.21,2026-04-30,,2026-07-02 02:00:30.112537,,manual,,,
8a5a9a63-6ec8-4066-8ce9-974492a2a122,1,97b5f3a5-dfe4-417d-ae24-bd57889d3b5c,420.50,2026-04-30,,2026-07-02 02:00:30.165036,,manual,,,
787b28aa-7088-4ded-8f22-2197e55c04b4,1,0b3f81ae-d4e5-4581-aa86-f2dd53eba233,908.00,2026-04-30,,2026-07-02 02:00:30.215747,,manual,,,
c1473d22-4404-471c-8c8c-e054090f7fd1,1,76d17f64-c476-4c8e-b065-4a42da5d842f,720.00,2026-04-30,,2026-07-02 02:00:30.260786,,manual,,,
7a50cfcd-e8f6-4ce3-8c16-3db97e09f180,1,bfc73863-710c-46e1-a0be-eb3a0dff4d74,1330.00,2026-04-30,,2026-07-02 02:00:30.312219,,manual,,,
a3fdcdc3-c4f1-4744-9296-22bd2695d586,1,1896e57f-768c-4d35-9789-9abc47c8cc46,600.00,2026-04-30,,2026-07-02 02:00:30.356253,,manual,,,
9f817360-8052-4f16-9e91-3241184de9d9,1,51d224d4-a48a-4e1e-99aa-d90a0f80c067,189.90,2026-04-30,,2026-07-02 02:00:30.399703,,manual,,,
df0c7c97-9fbc-482a-ac46-41879b165ef7,1,2e9ccf72-8415-4a86-b1e9-a093c3c0947f,720.00,2026-04-30,,2026-07-02 02:00:30.443984,,manual,,,
e7c37f07-9ad8-429c-89ab-17f217e8fbf0,1,adf548e1-df96-4804-96e6-c19fc116805f,13545.00,2026-04-30,,2026-07-02 02:00:30.491426,,manual,,,
c2b81ecb-8e22-40be-a077-529efa3e0256,1,d237aa86-910e-414d-8f29-dca43dc94bd7,1230.00,2026-05-02,,2026-07-02 02:00:30.532171,,manual,,,
cd7d857d-2c6b-4e91-9c2e-914bcc299ba8,1,8e1c8dfa-b514-48b0-b8cc-25f90daf00d1,214.00,2026-05-03,,2026-07-02 02:00:30.577122,,manual,,,
85513a23-9107-4aa9-8a11-bb3672e92d09,1,118e1283-607a-4546-87b7-1bfc6dd7f3d0,1028.08,2026-05-03,,2026-07-02 02:00:30.660181,,manual,,,
55f885dd-4b2a-4430-a80a-73f18ab2a0fa,1,e88d321e-4404-43fc-99eb-be15dcc7c962,1200.00,2026-05-03,,2026-07-02 02:00:30.707566,,manual,,,
51102e53-8b2d-4a4f-8435-28ef0d1c4f7e,1,fa93dfbd-3a3b-4ea0-a46e-1157b7ba39dd,700.00,2026-05-04,,2026-07-02 02:00:30.749972,,manual,,,
9429bac0-9ea0-46f5-932d-481566e45b7f,1,16e67909-b85e-4eea-b0d4-9703c8da9fe4,144.98,2026-05-08,,2026-07-02 02:00:30.804890,,manual,,,
9f33de52-4ea7-4894-974a-8e0a5e746f24,1,3450c0ee-ffdb-4fd5-aed7-01c12caf44a7,67.49,2026-05-08,,2026-07-02 02:00:30.850365,,manual,,,
c463a5f4-9ab4-4189-bf08-a869c47d95ba,1,55ef5e11-d3a1-46b5-aa1b-335de07507e3,724.80,2026-05-09,,2026-07-02 02:00:31.014348,,manual,,,
981f338a-4557-4ef2-ac53-a22d6d1adb2b,1,6f30549a-2a8e-4873-be49-537a31923962,705.00,2026-05-09,,2026-07-02 02:00:31.060283,,manual,,,
6b23b275-db73-45d3-bd3e-97f7f9e71dea,1,c430fff5-8277-4176-9c1b-3172b430f0db,1330.00,2026-05-09,,2026-07-02 02:00:31.104543,,manual,,,
dd7039e6-d193-4c6a-8d97-466763fb194f,1,2daf6a30-14f2-4c6f-8174-d5a3d51bfbbb,80.00,2026-05-09,,2026-07-02 02:00:31.152400,,manual,,,
449c432f-3d5c-4652-9177-e983c8734e67,1,d114664e-9470-4f10-ad9d-36a2f0eecc77,75.75,2026-05-10,,2026-07-02 02:00:31.197245,,manual,,,
b3edbb82-03bf-4aa5-9f79-43585b5c5992,1,d446c10e-3c20-4752-a5c6-cc4b1d194707,650.00,2026-05-10,,2026-07-02 02:00:31.243703,,manual,,,
8d604839-6e6e-43e7-a484-51536f6f3bf5,1,db55e51c-7bba-48a6-aff9-15c83587c72b,23.00,2026-05-10,,2026-07-02 02:00:31.284051,,manual,,,
d697414e-771f-4590-8492-17c798a0a822,1,9b94b3aa-aa4d-4717-9a5e-29e17cb28f39,9.95,2026-05-10,,2026-07-02 02:00:31.335388,,manual,,,
7d7ce71a-5abf-49d9-bf8a-e5a0f3d2545d,1,0173b4ae-825a-47e4-9062-714ce3326356,62.34,2026-05-10,,2026-07-02 02:00:31.380701,,manual,,,
451cc320-c699-4676-8ae9-1e483be80ac7,1,bc14deac-9ddd-43c0-9739-aeaba20448f8,21.00,2026-05-10,,2026-07-02 02:00:31.423872,,manual,,,
28ca61b6-6108-4a85-86ec-308054252a0c,1,6bb04f6a-1042-4028-b2c9-4cd1c7d2f28e,390.00,2026-05-10,,2026-07-02 02:00:31.473419,,manual,,,
da571a8a-5469-49c1-a319-35c00137a5ba,1,2ed522fb-411b-43fc-96a3-321014a1e815,250.68,2026-05-10,,2026-07-02 02:00:31.522677,,manual,,,
364d0b83-7ad9-4ca8-837f-cf649f585e61,1,7c4e65c5-6a76-4810-b822-ff239c23c86e,349.78,2026-05-10,,2026-07-02 02:00:31.593707,,manual,,,
11b22983-ca67-4515-8419-2e584658c6be,1,b828ab10-2435-4f24-bc04-e95c2f1371f0,72.09,2026-05-10,,2026-07-02 02:00:31.640716,,manual,,,
94a5eca0-6d68-4662-ac12-15ddb70bc65c,1,717789f5-bfac-4c22-a59c-f3fa22b2f067,54.36,2026-05-10,,2026-07-02 02:00:31.691905,,manual,,,
265d603b-4444-4265-8356-64bbb7dc3082,1,e1e18175-a149-4c9e-8377-4fb4ecd34791,184.65,2026-05-10,,2026-07-02 02:00:31.736145,,manual,,,
772f18c3-b2ca-4455-83f7-f961e0a582ea,1,db55e51c-7bba-48a6-aff9-15c83587c72b,23.00,2026-05-10,,2026-07-02 02:00:31.784505,,manual,,,
dc0a96c3-f9dd-4107-af6a-c694fcbe39cd,1,f9e4f62d-221a-46bb-85f2-4694d03e31ff,1200.00,2026-05-15,,2026-07-02 02:00:31.823174,,manual,,,
d3a6c7b4-36e7-4013-a0be-b233232cea37,1,35ffe0a6-4dc4-4933-a2b0-8a031791a99b,840.00,2026-05-15,,2026-07-02 02:00:31.872147,,manual,,,
49ace5eb-fed6-4d3c-b1a5-d6e7d3548064,1,7b8051f9-63b2-4f9d-92ab-c42db66993d5,102000.00,2026-05-15,,2026-07-02 02:00:31.915386,,manual,,,
78637250-9917-41fc-8ffb-94b10296564b,1,afaa1098-8292-4975-8231-f64eb4e482a8,96000.00,2026-05-20,,2026-07-02 02:00:31.962972,,manual,,,
0a063719-cabd-4d3e-b25d-49be3d100262,1,afaa1098-8292-4975-8231-f64eb4e482a8,6000.00,2026-05-20,,2026-07-02 02:00:32.005303,,manual,,,
b0f52ace-3b12-47d9-b0ee-c5d5af65c380,1,123b8461-5fda-4bfd-8b48-766a1b38aea7,1600.00,2026-05-22,,2026-07-02 02:00:32.053642,,manual,,,
5f46a125-13af-4f2e-83e1-a5059199b911,1,1896e57f-768c-4d35-9789-9abc47c8cc46,600.00,2026-05-30,,2026-07-02 02:00:32.097755,,manual,,,
8681a307-8325-44f7-9e1c-5322e5156f3e,1,51d224d4-a48a-4e1e-99aa-d90a0f80c067,189.90,2026-05-30,,2026-07-02 02:00:32.137817,,manual,,,
b6013eb0-d44d-490e-8da3-e5d8e00a79d3,1,dfef1865-eea0-4e2a-9585-f8ad7109a4e6,1378.98,2026-05-30,,2026-07-02 02:00:32.187490,,manual,,,
ed0668b6-8fed-47b3-9b6d-5972269952a3,1,3bf664e8-032d-4e91-bbf6-c63bbc97854b,253.74,2026-05-30,,2026-07-02 02:00:32.228225,,manual,,,
ca76ca3f-f0a4-4af9-8b8b-c44323c27c49,1,e598c4aa-8e60-4d13-bb80-29bf680e4be8,160.32,2026-05-30,,2026-07-02 02:00:32.273227,,manual,,,
452ced31-4c7c-42f4-b3f5-c063bd16de55,1,6f674e22-9845-4901-b287-000081c671c2,86.63,2026-05-30,,2026-07-02 02:00:32.324919,,manual,,,
41a87838-82e5-4a6c-a945-ceefa85e8c1b,1,ed022019-321a-4d28-8cdc-0a5ebcab9b1a,164.15,2026-05-30,,2026-07-02 02:00:32.369663,,manual,,,
9f537bf5-cba4-47ae-b872-5ebf1ce84fd0,1,746d3129-309d-4dc2-a91d-697d0ec1f572,821.21,2026-05-30,,2026-07-02 02:00:32.413474,,manual,,,
129bbfa6-b4a8-450d-bd33-6b3356b5be00,1,97b5f3a5-dfe4-417d-ae24-bd57889d3b5c,420.50,2026-05-30,,2026-07-02 02:00:32.453299,,manual,,,
a0bb492c-79bd-49bd-8d28-f0b3e4f43a65,1,adf548e1-df96-4804-96e6-c19fc116805f,14700.00,2026-05-30,,2026-07-02 02:00:32.495955,,manual,,,
c1fed16e-dd81-4c4c-bf70-56fe27d28bf0,1,adf548e1-df96-4804-96e6-c19fc116805f,15838.72,2026-05-30,,2026-07-02 02:00:32.537067,,manual,,,
39d0aa78-1d1e-405c-a1a0-9992821b6f33,1,e07b6e0b-52b2-4eac-8de3-3c54dfc8f561,2250.00,2026-05-31,,2026-07-02 02:00:32.581398,,manual,,,
721590bc-d8bf-47a4-a8c8-1117843a4036,1,16b59444-4f8d-4b1d-a3bc-855feafc015c,650.00,2026-06-10,,2026-07-02 02:00:32.622866,,manual,,,
04f491c2-c3ab-4bab-b145-ef00d397bb8c,1,26b09133-6045-4ddc-8779-48a8363189c8,251.25,2026-06-10,,2026-07-02 02:00:32.666511,,manual,,,
c189ed49-70d5-417f-8883-6283ce1b164b,1,e55ef413-102d-467b-bfa5-0fb533a2ea82,133.32,2026-06-10,,2026-07-02 02:00:32.714595,,manual,,,
a307f1ba-ccdf-4fa3-9602-56f211f043cf,1,4f724a59-0873-4ac9-851d-f8d70ea132dc,90.29,2026-06-10,,2026-07-02 02:00:32.768205,,manual,,,
bd825531-ec34-4139-9062-da6b6295c81c,1,0173b4ae-825a-47e4-9062-714ce3326356,67.50,2026-06-10,,2026-07-02 02:00:32.811424,,manual,,,
256c621b-8328-48dd-bd04-f213d5cb5a85,1,bc14deac-9ddd-43c0-9739-aeaba20448f8,57.52,2026-06-10,,2026-07-02 02:00:32.858997,,manual,,,
050ff724-cf8b-419c-8d25-8b952863beb6,1,b1b81762-2aed-44d2-9949-4ff64c8a05a9,21.00,2026-06-10,,2026-07-02 02:00:32.898351,,manual,,,
41aece72-9f73-48c0-9e7f-55abb0e690e1,1,1dcc247b-4355-46eb-91be-612f568ba80b,88.24,2026-06-10,,2026-07-02 02:00:32.945238,,manual,,,
f5468c67-4d4c-44be-bbb2-f0724d336348,1,2b4b4fbd-31e0-4cc0-b971-28aa4ae254aa,349.77,2026-06-10,,2026-07-02 02:00:32.988247,,manual,,,
64c2ee9c-9f97-4f2a-8e5c-b00915e68fb0,1,362a776b-c8f4-4d82-8168-3123d84d451a,387.85,2026-06-18,,2026-07-02 02:00:33.038622,,manual,,,
3f7314dc-98d0-4822-aaeb-42690314cf86,1,adf548e1-df96-4804-96e6-c19fc116805f,15470.00,2026-06-19,,2026-07-02 02:00:33.081408,,manual,,,
2524beca-6f9c-4e81-b12f-079d52a765b2,1,3297a694-4bdb-467e-9f64-8152b384387e,166.00,2026-06-25,,2026-07-02 02:00:33.131754,,manual,,,
2beb281b-d071-4cf3-96e0-5c373f07d541,1,e07b6e0b-52b2-4eac-8de3-3c54dfc8f561,2250.00,2026-06-30,,2026-07-02 02:00:33.174353,,manual,,,
fbae0923-8d90-45c9-9087-a4113dadfb9e,1,1896e57f-768c-4d35-9789-9abc47c8cc46,600.00,2026-06-30,,2026-07-02 02:00:33.217568,,manual,,,
1efb660d-cb45-457e-a58a-9ec15379181f,1,51d224d4-a48a-4e1e-99aa-d90a0f80c067,189.90,2026-06-30,,2026-07-02 02:00:33.260724,,manual,,,
f406c3d8-82f7-4ecd-a267-4b4d9a751c97,1,dfef1865-eea0-4e2a-9585-f8ad7109a4e6,1378.98,2026-06-30,,2026-07-02 02:00:33.306494,,manual,,,
0d5fdbcc-113d-4166-86ff-e51bdb808755,1,3bf664e8-032d-4e91-bbf6-c63bbc97854b,253.74,2026-06-30,,2026-07-02 02:00:33.351044,,manual,,,
5829266b-32a2-4274-adb0-6ea384049982,1,e598c4aa-8e60-4d13-bb80-29bf680e4be8,160.32,2026-06-30,,2026-07-02 02:00:33.392396,,manual,,,
b84c19b1-f9c7-4c64-badc-b1e15a157d24,1,6f674e22-9845-4901-b287-000081c671c2,86.63,2026-06-30,,2026-07-02 02:00:33.435545,,manual,,,
9e6a2df9-4e23-4a6d-8f9f-c975dbddd2b9,1,ed022019-321a-4d28-8cdc-0a5ebcab9b1a,164.15,2026-06-30,,2026-07-02 02:00:33.477589,,manual,,,
f1a57c7e-087f-4d99-84c1-b3f3ba2b73b2,1,746d3129-309d-4dc2-a91d-697d0ec1f572,821.21,2026-06-30,,2026-07-02 02:00:33.521697,,manual,,,
a9f1f8b4-66ea-4447-b90d-64094365b127,1,97b5f3a5-dfe4-417d-ae24-bd57889d3b5c,420.50,2026-06-30,,2026-07-02 02:00:33.565255,,manual,,,
09398d3e-b71a-443e-9e58-dd507d952c58,1,e2a616d3-0da2-4223-8cfa-f57b8eef55b0,20000.00,2026-06-30,,2026-07-02 02:00:33.633070,,manual,,,
2b4902b9-4ba4-46ef-81c7-7ceec466decd,1,c430fff5-8277-4176-9c1b-3172b430f0db,1890.00,2026-07-02,,2026-07-02 02:00:33.677365,,manual,,,
6a109bee-f2ed-4cc4-9b88-def1b6a62212,1,16b59444-4f8d-4b1d-a3bc-855feafc015c,650.00,2026-07-10,,2026-07-02 02:00:33.721475,,manual,,,
dd229a8e-d1fa-4fe7-a428-a08bb0d19ee4,1,1896e57f-768c-4d35-9789-9abc47c8cc46,600.00,2026-07-30,,2026-07-02 02:00:33.761421,,manual,,,
7ff69d08-d1d9-47fb-a196-7b84a774477a,1,51d224d4-a48a-4e1e-99aa-d90a0f80c067,189.90,2026-07-30,,2026-07-02 02:00:33.805184,,manual,,,
8d472a06-5720-4d73-9334-25a07f295ed3,1,dfef1865-eea0-4e2a-9585-f8ad7109a4e6,1378.98,2026-07-30,,2026-07-02 02:00:33.845624,,manual,,,
e45186e7-8fd6-452b-878e-aed063f37945,1,3bf664e8-032d-4e91-bbf6-c63bbc97854b,253.74,2026-07-30,,2026-07-02 02:00:33.890145,,manual,,,
519f244b-2de3-4249-855d-45fc05273887,1,e598c4aa-8e60-4d13-bb80-29bf680e4be8,160.32,2026-07-30,,2026-07-02 02:00:33.929383,,manual,,,
d70f553f-d04b-4da2-92a6-7cf2dd382819,1,6f674e22-9845-4901-b287-000081c671c2,86.63,2026-07-30,,2026-07-02 02:00:33.972404,,manual,,,
15367774-d2b3-4e72-aff2-21862616274e,1,ed022019-321a-4d28-8cdc-0a5ebcab9b1a,164.15,2026-07-30,,2026-07-02 02:00:34.013703,,manual,,,
69e3d0c5-f37d-48f6-a295-3b1fb7b38ab2,1,746d3129-309d-4dc2-a91d-697d0ec1f572,821.21,2026-07-30,,2026-07-02 02:00:34.060640,,manual,,,
d7f17988-9885-4a0c-95ba-1ec8ae734918,1,97b5f3a5-dfe4-417d-ae24-bd57889d3b5c,420.50,2026-07-30,,2026-07-02 02:00:34.101489,,manual,,,
e1ffa5e0-27a5-46c6-b5a2-6f7f5b7ddf20,1,0807a0ed-d899-4a06-bd21-315e2b53a498,10000.00,2026-07-02,,2026-07-02 14:19:12.321199,,manual,,,
f2bddf6b-ec97-49a3-8e21-aab7afc1b9f3,1,1b110ad1-3dc3-4b45-bf8e-efd6e41fcabe,5000.00,2026-07-04,,2026-07-04 01:20:40.205275,,whatsapp_bovino,,,
7f30ec3b-cbea-4e31-a0f8-3ae0534160ce,1,1b110ad1-3dc3-4b45-bf8e-efd6e41fcabe,8000.00,2026-07-04,,2026-07-04 09:56:23.457764,,whatsapp_ovino,,,
9bf40837-e626-418d-921e-475ee1f10eba,1,1b110ad1-3dc3-4b45-bf8e-efd6e41fcabe,50000.00,2026-07-04,,2026-07-04 17:44:51.346537,,whatsapp_bovino,,,
d56012c9-f66e-4431-87d1-66ad08f697fc,1,0807a0ed-d899-4a06-bd21-315e2b53a498,500.00,2026-07-04,,2026-07-04 19:18:13.884034,,manual,,,
07220814-2922-45a6-91d0-9a8fa8f8a76e,1,0807a0ed-d899-4a06-bd21-315e2b53a498,166.00,2026-07-04,,2026-07-04 22:10:56.423518,,manual,,,
